model,MAE,RMSE,MAPE
Seasonal naive,7705.847569230769,9721.11463606754,45.0227974375821
Prophet,5818.436776400092,7617.163715469949,36.75696028979848
XGBoost,6445.88202469952,7926.236369323139,41.645279635836
